,precision,recall,f1-score,support
1,0.17415730337078653,0.2366412213740458,0.20064724919093851,131.0
2,0.8787214611872146,0.8051882845188284,0.8403493449781659,11950.0
3,0.4070205976211198,0.556304520222046,0.47009549338247614,2522.0
4,0.15764705882352942,0.16876574307304787,0.1630170316301703,397.0
accuracy,0.7415333333333334,0.7415333333333334,0.7415333333333334,0.7415333333333334
macro avg,0.4043866052506626,0.441724942296992,0.4185272797954377,15000.0
weighted avg,0.7741751931654797,0.7415333333333334,0.754583870533392,15000.0
