,precision,recall,f1-score,support
1,0.36538461538461536,0.4351145038167939,0.397212543554007,131.0
2,0.8918844566712517,0.8138912133891213,0.8511047910741633,11950.0
3,0.42857142857142855,0.6256938937351308,0.5087040618955513,2522.0
4,0.1828793774319066,0.11838790931989925,0.1437308868501529,397.0
accuracy,0.7605333333333333,0.7605333333333333,0.7605333333333333,0.7605333333333333
macro avg,0.46717996951480056,0.4982718800652363,0.4751880708434686,15000.0
weighted avg,0.7906229931689636,0.7605333333333333,0.7708499935147943,15000.0
