,precision,recall,f1-score,support
1,0.3548387096774194,0.4198473282442748,0.38461538461538464,131.0
2,0.8926014319809069,0.813723849372385,0.8513395202241288,11950.0
3,0.43148450244698205,0.6292624900872323,0.5119354838709678,2522.0
4,0.19413919413919414,0.13350125944584382,0.1582089552238806,397.0
accuracy,0.7612666666666666,0.7612666666666666,0.7612666666666666,0.7612666666666666
macro avg,0.4682659595611256,0.499083731787434,0.47652483598359047,15000.0
weighted avg,0.7918898772256087,0.7612666666666666,0.771853475173961,15000.0
