model,accuracy,balanced_accuracy,macro_precision,macro_recall,macro_f1,weighted_f1
Random Forest Balanced,0.7875758181696993,0.43603402910341815,0.5096145787058443,0.43603402910341815,0.45239203391549027,0.7848177146545102
HistGradientBoosting,0.8225688195694194,0.3693439995663778,0.5890426969687766,0.3693439995663778,0.4063342494522937,0.7878896415176057
Decision Tree,0.8060387922415517,0.32516051068209856,0.5161804109123532,0.32516051068209856,0.35046024255247316,0.7629319477175089
Random Forest,0.8118376324735053,0.2895154635386694,0.6197956646255076,0.2895154635386694,0.2944934311949745,0.755223683177097
Simple Dense NN,0.8081716989935346,0.29108155460860097,0.3484561013534599,0.29108155460860097,0.2942465255745429,0.7584259998413736
Logistic Regression,0.8017063254015864,0.2862185594761497,0.45855509742304223,0.2862185594761497,0.2878591722013615,0.7509736236807433
Dummy,0.7966406718656269,0.25,0.19916016796640673,0.25,0.22170283806343907,0.7064699914774976
