model,accuracy,balanced_accuracy,macro_precision,macro_recall,macro_f1,weighted_f1
RF Balanced min_samples_leaf=5,0.7612666666666666,0.499083731787434,0.4682659595611256,0.499083731787434,0.47652483598359047,0.771853475173961
