model,accuracy,balanced_accuracy,macro_precision,macro_recall,macro_f1,weighted_f1
Random Forest Balanced,0.7865093647937079,0.4293658627992508,0.5050618915657324,0.4293658627992508,0.4456917916835233,0.7848257047089182
HistGradientBoosting,0.823501966273412,0.36876609641630476,0.5948665810714033,0.36876609641630476,0.4043970017473466,0.7891460336654227
Decision Tree,0.8075051656335399,0.3302375003295067,0.5041389248689663,0.3302375003295067,0.3560066656637599,0.7646070553348948
Random Forest,0.8121708991535026,0.28828004332589663,0.6182854881459428,0.28828004332589663,0.29165099242831555,0.7559844672027288
Logistic Regression,0.7988402319536093,0.26038838475764015,0.3402519121516483,0.26038838475764015,0.24443667041499578,0.7221058646085439
Dummy,0.7966406718656269,0.25,0.19916016796640673,0.25,0.22170283806343907,0.7064699914774976
