model,accuracy,balanced_accuracy,macro_precision,macro_recall,macro_f1,weighted_f1
Random Forest Balanced,0.7851333333333333,0.44449130624672833,0.5002495676215806,0.44449130624672833,0.45693592421165735,0.7843143359535951
