model,accuracy,balanced_accuracy,macro_precision,macro_recall,macro_f1,weighted_f1
RF Balanced min_samples_leaf=5,0.7605333333333333,0.4982718800652363,0.46717996951480056,0.4982718800652363,0.4751880708434686,0.7708499935147943
