model,accuracy,balanced_accuracy,macro_precision,macro_recall,macro_f1,weighted_f1
RF Balanced min_samples_leaf=5,0.7415333333333334,0.441724942296992,0.4043866052506626,0.441724942296992,0.4185272797954377,0.754583870533392
