model,accuracy,balanced_accuracy,macro_precision,macro_recall,macro_f1,weighted_f1
RF Balanced min_samples_leaf=5,0.7603333333333333,0.49966134492167047,0.4667899808855035,0.49966134492167047,0.4770128465573064,0.7711001684292067
