model,accuracy,balanced_accuracy,macro_precision,macro_recall,macro_f1,weighted_f1
Random Forest Balanced,0.7859333333333334,0.42609142207589273,0.4971462190421617,0.42609142207589273,0.4373177685337225,0.7846247405417013
