model,accuracy,balanced_accuracy,macro_precision,macro_recall,macro_f1,weighted_f1
Simple Dense NN,0.8081716989935346,0.29108155460860097,0.3484561013534599,0.29108155460860097,0.2942465255745429,0.7584259998413736
