model,accuracy,balanced_accuracy,macro_precision,macro_recall,macro_f1,weighted_f1
Simple Dense Neural Network,0.47490501899620075,0.5930884734108233,0.3531932023068822,0.5930884734108233,0.3181555043645118,0.5606018331708751
