model,accuracy,balanced_accuracy,macro_precision,macro_recall,macro_f1,weighted_f1
Simple Dense Neural Network,0.8085049656735319,0.29196824636638014,0.34869744871828257,0.29196824636638014,0.2954177473457793,0.7593378379514384
