model,accuracy,balanced_accuracy,macro_precision,macro_recall,macro_f1,weighted_f1
Simple Dense NN,0.7967073252016263,0.25009912767644726,0.4491734435408612,0.25009912767644726,0.22190924006669985,0.7066294555225953
