model,accuracy,balanced_accuracy,macro_precision,macro_recall,macro_f1,weighted_f1
Simple Dense Neural Network,0.44057855095647536,0.5652615189746273,0.3426619795196489,0.5652615189746273,0.29657078503056716,0.5296057451222723
