model,accuracy,balanced_accuracy,macro_precision,macro_recall,macro_f1,weighted_f1
max_depth=5,0.323002066253416,0.5363686102442994,0.33383987520365793,0.5363686102442994,0.24386898412449667,0.3962058445971809
max_depth=10,0.5140305272278878,0.5820979358497305,0.3551892800917135,0.5820979358497305,0.33126038740706,0.5956731146544941
max_depth=15,0.66999933346664,0.5561231448566133,0.3802124605717442,0.5561231448566133,0.40337238210463433,0.7133930984192397
max_depth=20,0.7485836166100114,0.48774267044041986,0.41806676575567,0.48774267044041986,0.44104050305762876,0.7635788693220634
max_depth=None,0.7865093647937079,0.4293658627992508,0.5050618915657324,0.4293658627992508,0.4456917916835233,0.7848257047089182
