model,accuracy,balanced_accuracy,macro_precision,macro_recall,macro_f1,weighted_f1
RF Balanced max_depth=5,0.3243351329734053,0.5351860954834,0.3344635828049363,0.5351860954834,0.24459174617950502,0.40053885425494906
RF Balanced max_depth=10,0.5309604745717523,0.5865874601609423,0.357219517831901,0.5865874601609423,0.33996144629853114,0.6093990423802564
RF Balanced max_depth=15,0.673865226954609,0.5421543245097417,0.38041270188951737,0.5421543245097417,0.4046411607667848,0.7156772000651481
RF Balanced max_depth=20,0.7550489902019596,0.49850976921265394,0.4488629683656247,0.49850976921265394,0.4676778121774622,0.7684204729240995
RF Balanced max_depth=None,0.7903086049456776,0.43686274071699427,0.511704234993682,0.43686274071699427,0.4534153569470001,0.7873730492564797
