model,accuracy,balanced_accuracy,macro_precision,macro_recall,macro_f1,weighted_f1
RF Balanced max_depth=5,0.32213557288542294,0.5380133367253106,0.3340264492421482,0.5380133367253106,0.24409047082004037,0.3965815674243843
RF Balanced max_depth=10,0.5262947410517896,0.5840118370108232,0.3561540481010445,0.5840118370108232,0.337716353463775,0.6049695949861218
RF Balanced max_depth=15,0.6762647470505899,0.5480118779252325,0.38457763977572446,0.5480118779252325,0.4106411802331963,0.7174351090123575
RF Balanced max_depth=20,0.7549156835299606,0.4965741132906019,0.44447637701903886,0.4965741132906019,0.46399735321038876,0.7677599425402043
RF Balanced max_depth=None,0.7875758181696993,0.43603402910341815,0.5096145787058443,0.43603402910341815,0.45239203391549027,0.7848177146545102
