model,accuracy,balanced_accuracy,macro_precision,macro_recall,macro_f1,weighted_f1
min_samples_leaf=1,0.8091714990335266,0.28966902260677424,0.6139228004893464,0.28966902260677424,0.2961574824089511,0.7516383066522494
min_samples_leaf=3,0.7875758181696993,0.43603402910341815,0.5096145787058443,0.43603402910341815,0.45239203391549027,0.7848177146545102
min_samples_leaf=5,0.7678464307138573,0.4970071310359237,0.4744646077889892,0.4970071310359237,0.4790128004906895,0.7767512437287704
min_samples_leaf=10,0.7145904152502833,0.5431129970344044,0.40755581962699633,0.5431129970344044,0.44190060449587343,0.7424021883401227
