model,accuracy,balanced_accuracy,macro_precision,macro_recall,macro_f1,weighted_f1
RF Balanced min_samples_leaf=1,0.8092381523695261,0.2954305901189001,0.6609185022413201,0.2954305901189001,0.3069477914878038,0.752075917250407
RF Balanced min_samples_leaf=3,0.7901086449376792,0.43441872415614013,0.5107065582175189,0.43441872415614013,0.4532753195628208,0.7873191140858178
RF Balanced min_samples_leaf=5,0.7645137639138839,0.5023319807609948,0.4676057376099306,0.5023319807609948,0.47793474221917764,0.7741374380124982
RF Balanced min_samples_leaf=10,0.7143238019062854,0.5550168174986548,0.4117748528083886,0.5550168174986548,0.44795386293484024,0.7424159020311044
